{
    "n": 4,
    "T": 0.1,
    "interpolator_kind": "cubic",
    "t_max": 10,
    "schedule_opt": [
        0.1433637212583026,
        1.0,
        0.5460715981791965,
        1.0,
        0.1433637212583026
    ],
    "loss_opt": 0.16423849727303322,
    "first_optimizer": "BO",
    "second_optimizer": "None",
    "n_random_models": 1
}