{
    "n": 5,
    "T": 0.1,
    "interpolator_kind": "cubic",
    "t_max": 10,
    "schedule_init": [
        0.0,
        0.25,
        0.5,
        0.5,
        0.5,
        0.5,
        0.5,
        0.25,
        0.0
    ],
    "schedule_opt": [
        0.03801204448232032,
        0.49204979164390017,
        0.46920708640945147,
        0.417527169816831,
        0.48811450337310214,
        0.417527169816831,
        0.46920708640945147,
        0.49204979164390017,
        0.03801204448232032
    ],
    "schedule_finetuned": [
        0.0732758319723804,
        0.4883847010273653,
        0.4647007922825521,
        0.4192127626779678,
        0.49162027938322966,
        0.4192127626779678,
        0.4647007922825521,
        0.4883847010273653,
        0.0732758319723804
    ],
    "loss_init": -0.048687523787965224,
    "loss_opt": -0.11445521859124766,
    "loss_finetuned": -0.11497407160791809,
    "first_optimizer": "COBYLA",
    "second_optimizer": "L-BFGS-B",
    "n_random_models": 10
}