{
    "3": 0.58947,
    "4": 0.51579,
    "5": 0.47368,
    "6": 0.43158,
    "7": 0.43158,
    "8": 0.42105,
    "9": 0.42105
}