{
    "3": 1.4214214,
    "4": 1.7417417,
    "5": 1.991992,
    "6": 2.1621622,
    "7": 2.3023023,
    "8": 2.4824825,
    "9": 2.5525526
}