{
    "n": 8,
    "T": 0.5,
    "interpolator_kind": "cubic",
    "t_max": 10,
    "schedule_opt": [
        0.0,
        0.3795351084254318,
        0.44296146919484836,
        0.5265891297348642,
        0.44296146919484836,
        0.3795351084254318,
        0.0
    ],
    "loss_opt": 0.06815218179647439,
    "first_optimizer": "BO",
    "second_optimizer": "None",
    "n_random_models": 200,
    "n_iter": 200,
    "init_points": 20,
    "kappa": 2
}