{
    "n": 9,
    "T": 0.5,
    "interpolator_kind": "cubic",
    "t_max": 10,
    "schedule_opt": [
        0.0,
        0.36445954481366066,
        0.4504319269333155,
        0.5240198730851494,
        0.4504319269333155,
        0.36445954481366066,
        0.0
    ],
    "loss_opt": 0.06140240733345854,
    "first_optimizer": "BO",
    "second_optimizer": "None",
    "n_random_models": 200,
    "n_iter": 200,
    "init_points": 20,
    "kappa": 2
}