{
    "method": "QAOA_delta",
    "T": 1,
    "qubits_range": [
        3,
        4,
        5,
        6,
        7,
        8,
        9
    ],
    "num_random_models": 100,
    "delta": [
        0.06099640777999338,
        0.011782079509178978,
        0.04668352406831655,
        0.05028481359272341,
        0.04564811467350738,
        0.04938390649917945,
        0.042617109855320634,
        0.019787029425693325,
        0.022978373750604852,
        0.045788152032136153,
        0.023108650434870204,
        0.06906727833999815,
        0.03155859842981923,
        0.009144449855345349,
        0.035507395898312866,
        0.03201891107523014,
        0.013310423062010579,
        0.024831137243582213,
        0.04850947853332388,
        0.020256731942599138,
        0.02684384978603349,
        0.02391717874306787,
        0.036271596782769366,
        0.017364651740691905,
        0.05803248697097774,
        0.06733706182170018,
        0.033279292128554516,
        0.06888665706473873,
        0.059372304107424,
        0.03159821445226452,
        0.03791344434195465,
        0.04157329331701487,
        0.05621512246524363,
        0.03587144805405129,
        0.02627233921755745,
        0.03760251564351447,
        0.04363103381634792,
        0.05903793843061811,
        0.03509104814892239,
        0.03504595147991807,
        0.04854215307821497,
        0.02787505573896365,
        0.05300141602372954,
        0.03413147998694788,
        0.04255537156101308,
        0.037487264589500136,
        0.022066890991866428,
        0.05584569096669889,
        0.02770383749964167,
        0.03724136578143522,
        0.04674569164046294,
        0.01585776795888094,
        0.022577873226876433,
        0.048452027487690064,
        0.030612122568011935,
        0.021909864346104202,
        0.0254970971939239,
        0.05687546313729541,
        0.022573377935888095,
        0.04093969841180578,
        0.04879952613403982,
        0.023582879802798273,
        0.04241145378081368,
        0.02088417071030879,
        0.06156838405085474,
        0.04604437013518803,
        0.023453793228371378,
        0.01891851712989434,
        0.06031501796291949,
        0.08032032453806592,
        0.04902107262557087,
        0.03803547638114546,
        0.04196528858184456,
        0.057823489355422586,
        0.04623191268108662,
        0.021614451359141973,
        0.0219186222030211,
        0.0346685067288911,
        0.0065707700403987435,
        0.04549334587478715,
        0.04148389435497746,
        0.03300684872096826,
        0.05445033997594029,
        0.04126919076785629,
        0.048196044815708494,
        0.02929276900597577,
        0.06115560850774626,
        0.02018965706904019,
        0.03840362896051008,
        0.07322184352150762,
        0.028705989692225375,
        0.035507088579778134,
        0.03650359465284003,
        0.05848053754943383,
        0.060130391016496976,
        0.07428860007661198,
        0.020431641342749773,
        0.010608725920143836,
        0.01982994220826273,
        0.032127101366258404
    ],
    "delta_avg": [
        0.23043036477662476,
        0.16353755061604233,
        0.12374191634562554,
        0.09656845361321878,
        0.0687397770757156,
        0.05109679016124082,
        0.03859836316049659
    ],
    "delta_std": [
        0.08009867073981114,
        0.06165181896992999,
        0.04385719949567608,
        0.02753182660291804,
        0.023010099486470457,
        0.017024417289707723,
        0.016059277862517464
    ],
    "popt": [
        0.5577411965198086,
        0.4312583325550163
    ],
    "pcov": [
        [
            0.0002777057288814322,
            0.00015659594871424338
        ],
        [
            0.00015659594871424338,
            9.84601320771178e-05
        ]
    ],
    "fit": [
        0.22749279267955255,
        0.16871199002014073,
        0.12511928506082484,
        0.09279029600838144,
        0.0688146437948187,
        0.051033948638121,
        0.037847524450812776
    ],
    "k": 0.4312583325550163,
    "k_err": 0.00992270790042304
}