{
    "method": "QAOA_AR",
    "T": 1,
    "qubits_range": [
        3,
        4,
        5,
        6,
        7,
        8,
        9
    ],
    "num_random_models": 100,
    "delta": [
        0.036752565993914854,
        0.026544893999725594,
        0.04848079816877027,
        0.031469929833731425,
        0.021730946338914592,
        0.008960738322397521,
        0.0340850342070228,
        0.02315413044896608,
        0.041129560247801455,
        0.02761441587048985,
        0.02479384902826831,
        0.07076412162942436,
        0.025560557284608154,
        0.03696255049885111,
        0.01288583478557026,
        0.037558123818118294,
        0.04016599769451035,
        0.00843001826369505,
        0.013567766458947084,
        0.013937292447715244,
        0.03706340405823971,
        0.007835755854548432,
        0.023345100622066517,
        0.011284770716003867,
        0.03250612961395727,
        0.021218901358668774,
        0.015502638055929885,
        0.05808983494147346,
        0.06277967456461575,
        0.027423465093991628,
        0.024494022879264166,
        0.047413255506687846,
        0.049714341082083946,
        0.030609211766125632,
        0.021476520786748887,
        0.017457547044030464,
        0.0481657238952119,
        0.03061672677168792,
        0.039270467387341856,
        0.025730980353942612,
        0.02493849592108044,
        0.02930095693671142,
        0.04174175323840168,
        0.02427665318307015,
        0.03810489282024254,
        0.0363202727468086,
        0.01960223799764249,
        0.03860372580853555,
        0.03807254698746454,
        0.03344411122247648,
        0.03032025995734966,
        0.018776373074866792,
        0.02092598321274497,
        0.014795013666213941,
        0.03406090187684074,
        0.028284095420466726,
        0.01823376524232223,
        0.02822990451607854,
        0.0058975840033490545,
        0.05381302244535857,
        0.044518740154575465,
        0.029810065049566847,
        0.038599896851625126,
        0.013699474668681266,
        0.030004212884092607,
        0.04979623412072964,
        0.04487290332847926,
        0.02029320834173287,
        0.04914155203981707,
        0.07651583232989001,
        0.03273602039768975,
        0.026553935541484996,
        0.0424959876526938,
        0.03095095702989137,
        0.062487593590379586,
        0.03474578058453581,
        0.014868335207893213,
        0.015308856700069096,
        0.014943749305359688,
        0.04178886254332692,
        0.02800787197518584,
        0.009910462242024742,
        0.020405368564378024,
        0.026938143531393455,
        0.021347554702368488,
        0.028929639485316683,
        0.040259239110576495,
        0.01377084203253831,
        0.03900148217380672,
        0.03790752977258971,
        0.023899726915866504,
        0.03237737430708176,
        0.015105395665310661,
        0.030838479543262576,
        0.044366564141847475,
        0.04954576751278883,
        0.02953938750904128,
        0.03994977165402158,
        0.028204839281023686,
        0.016245992540604104
    ],
    "delta_avg": [
        0.19162703639524048,
        0.13733173829757495,
        0.1026915781750729,
        0.0726066706686206,
        0.052028157719107286,
        0.03796900854941114,
        0.030849737789556294
    ],
    "delta_std": [
        0.07041507445773233,
        0.04921417048808887,
        0.03612808378176828,
        0.024866268145981356,
        0.01949589485436808,
        0.013460753267556703,
        0.013830728280334272
    ],
    "popt": [
        0.4974356973864034,
        0.4602317346957373
    ],
    "pcov": [
        [
            0.00010307173579011421,
            6.666502679699874e-05
        ],
        [
            6.666502679699874e-05,
            4.787231268969903e-05
        ]
    ],
    "fit": [
        0.19103206792223038,
        0.1388553827319518,
        0.10092974191896452,
        0.0733627505351632,
        0.053325145430430355,
        0.03876042152772894,
        0.028173768020328654
    ],
    "k": 0.4602317346957373,
    "k_err": 0.00691898205588792
}