{
    "method": "random",
    "T": 1,
    "qubits_range": [
        3,
        4,
        5,
        6,
        7,
        8,
        9
    ],
    "num_random_models": 100,
    "delta": [
        0.004529608784117123,
        0.00450036874903792,
        0.002288751446438142,
        0.006170465971192085,
        0.004364781092736969,
        0.003330859633962624,
        0.0028606188065176674,
        0.002760430497436017,
        0.0024941974865947403,
        0.00435643665356189,
        0.0033789067730257694,
        0.0057570050236542825,
        0.002927046044199799,
        0.0026928846192963984,
        0.0020044686128165567,
        0.003680050804311774,
        0.0021724459180771927,
        0.0028042173604533316,
        0.0027194812195181495,
        0.0053170929932252475,
        0.005315129023785392,
        0.002446871134193951,
        0.002985865041150393,
        0.002299564238323226,
        0.005936992896764304,
        0.003370961716474663,
        0.006449951374352669,
        0.004147726114500538,
        0.005672089471508213,
        0.0019546706788660106,
        0.0036833668913833773,
        0.00242038693254909,
        0.00913978349653033,
        0.0026078575696665274,
        0.0034524615638712453,
        0.002577279460669768,
        0.003222214389631106,
        0.004549406261485589,
        0.0030712307758650192,
        0.004384946594493955,
        0.005004185358223889,
        0.0026971740446740666,
        0.004664588436716355,
        0.004616334732284844,
        0.0025316375976101035,
        0.002715718271718459,
        0.003002473285986129,
        0.0044321878722931585,
        0.004113701909220002,
        0.0038778176186475832,
        0.00553322117988686,
        0.002845716307021684,
        0.0022713587711024052,
        0.004693109113606209,
        0.0038564304462149757,
        0.0045612766983353925,
        0.0028242027837775963,
        0.008469283368475633,
        0.0020741192877901105,
        0.005440199173661342,
        0.005583098178667312,
        0.004182980516276191,
        0.0020604507578103615,
        0.0038384539830551567,
        0.006224648056168847,
        0.006213009916675616,
        0.0028345565662653005,
        0.004232562731795286,
        0.005239400990053156,
        0.016490519430519823,
        0.0023294034657946883,
        0.0038728241319664347,
        0.00218088084549406,
        0.004559591624365478,
        0.006011863631986136,
        0.0020701416525862326,
        0.0021231133620813747,
        0.0022517317456309804,
        0.0020785338518677365,
        0.002435997104769383,
        0.0025151821593014656,
        0.004951947987046346,
        0.006769173484983626,
        0.0023733025882114456,
        0.005028662159532682,
        0.0027837474950087593,
        0.005476532287196578,
        0.00293169208531463,
        0.0033333528261899614,
        0.006169609184455638,
        0.002017198505465334,
        0.004278860053769651,
        0.008218888579789252,
        0.009282986628212475,
        0.00690154318847469,
        0.005530000408361269,
        0.006207088465849497,
        0.004009068149507078,
        0.0030841177682982,
        0.0053632096531405216
    ],
    "delta_avg": [
        0.22700863031032362,
        0.11149160166190725,
        0.06282884112812022,
        0.03403141594485545,
        0.014848860312855056,
        0.00827930485785847,
        0.004150635365754245
    ],
    "delta_std": [
        0.08004509970364349,
        0.04538838241940207,
        0.02669919097294165,
        0.012724597181298775,
        0.006709163824028126,
        0.004033853254945055,
        0.0020697446744445238
    ],
    "popt": [
        1.6464804780735487,
        0.9557917716212407
    ],
    "pcov": [
        [
            0.008361723121345343,
            0.002089379553363787
        ],
        [
            0.002089379553363787,
            0.0005446542505325325
        ]
    ],
    "fit": [
        0.22562676009237873,
        0.11632380890647379,
        0.05997173612283274,
        0.030918942281871246,
        0.01594052554809598,
        0.008218274494418506,
        0.004237001814138874
    ],
    "k": 0.9557917716212407,
    "k_err": 0.023337828745033942
}