{
    "method": "QAOA_AR",
    "T": 1,
    "qubits_range": [
        3,
        4,
        5,
        6,
        7,
        8,
        9
    ],
    "num_random_models": 100,
    "delta": [
        0.04726304196620046,
        0.030595162802506293,
        0.04315594449914584,
        0.02929555239277626,
        0.029067622071441757,
        0.022540854324475945,
        0.024606419003046942,
        0.0126267402444733,
        0.02317583006444013,
        0.024823267244371006,
        0.03408472670550744,
        0.03663817665494373,
        0.01031646628614502,
        0.02665234598309818,
        0.037932535794378386,
        0.04223532467270741,
        0.029680793678229733,
        0.008732171635382535,
        0.025608170027997756,
        0.030651197845230738,
        0.01015698247736796,
        0.00403584091188991,
        0.022394599994713937,
        0.019825559018515237,
        0.025115036123044332,
        0.03841957637562465,
        0.033215759001384515,
        0.05314201287558806,
        0.024845664708808113,
        0.03751350710926593,
        0.013988195070894105,
        0.040536036664497566,
        0.034262465441252776,
        0.017548801412842985,
        0.026140147125910618,
        0.021061085440197358,
        0.03824992803928695,
        0.033205305542876484,
        0.028096785281967573,
        0.04357231801375627,
        0.025008767331770154,
        0.017301944119946566,
        0.025190783852606646,
        0.014789179349642634,
        0.039050554297863416,
        0.028666532541103518,
        0.02190724311863268,
        0.020997264519767245,
        0.013728271696509475,
        0.030394733022914622,
        0.024637225772320193,
        0.01745845259869727,
        0.03109481442913664,
        0.018763867942633405,
        0.02186133336508178,
        0.013446818325102416,
        0.018810130516229817,
        0.032269068002559576,
        0.01166620220358272,
        0.02361856139378493,
        0.027571586622687327,
        0.02701491616924101,
        0.044580451929419285,
        0.030220955541498506,
        0.06320006245935039,
        0.03043779446253203,
        0.03775644829443758,
        0.025947550561153054,
        0.03008068299621014,
        0.0518769188766498,
        0.021261086024262132,
        0.022763057431846034,
        0.035763862670758595,
        0.03497072730287443,
        0.04227222065901248,
        0.020068076819474534,
        0.022159633590248307,
        0.016200046443319516,
        0.01095331718642556,
        0.0215242936639356,
        0.047834985597737356,
        0.04355053202887871,
        0.02927742575836889,
        0.013743201461858368,
        0.03290452106089925,
        0.013853256184446328,
        0.027367241379369744,
        0.01558140710891287,
        0.045737347787930704,
        0.037261367034417736,
        0.027638850127683634,
        0.008712461961227769,
        0.0245987069215734,
        0.043848629566358044,
        0.028140333166386644,
        0.041039588352225875,
        0.05632946832192054,
        0.03820919986059301,
        0.01038836112737851,
        0.007139144223067162
    ],
    "delta_avg": [
        0.17924394310507583,
        0.13136302027467497,
        0.1002985202435708,
        0.07009315317358374,
        0.051103588745813874,
        0.037427723675142854,
        0.02795449417662641
    ],
    "delta_std": [
        0.06625003348102564,
        0.04931761161201847,
        0.034230640718922685,
        0.022941027206243244,
        0.019119390729999214,
        0.017131608588190062,
        0.011679475064324332
    ],
    "popt": [
        0.4551086938681724,
        0.4465607738130172
    ],
    "pcov": [
        [
            9.137313784257299e-05,
            6.391367205739423e-05
        ],
        [
            6.391367205739423e-05,
            4.9737360925700705e-05
        ]
    ],
    "fit": [
        0.17981692574014013,
        0.13194786900177888,
        0.09682203197751672,
        0.07104704264779664,
        0.05213361221514098,
        0.03825512535507326,
        0.02807122993689939
    ],
    "k": 0.4465607738130172,
    "k_err": 0.0070524719726987005
}