{
    "method": "quantum",
    "T": 1,
    "qubits_range": [
        3,
        4,
        5,
        6,
        7,
        8,
        9
    ],
    "num_random_models": 100,
    "delta": [
        0.09474474190266358,
        0.04878067027323818,
        0.0440233353989814,
        0.05297777891294009,
        0.0449497997340601,
        0.05543748185520725,
        0.02447201286871814,
        0.013037580790048575,
        0.03839899906152422,
        0.07079724295016887,
        0.03344080970951968,
        0.06663958816142013,
        0.014376113732072482,
        0.02488386163971934,
        0.015314734445341815,
        0.028512675750602456,
        0.001831892470087526,
        0.021081178996107952,
        0.03630842440390614,
        0.038199142591051394,
        0.05436500155707302,
        0.05350399933244132,
        0.030382812795461955,
        0.02195487646739336,
        0.06209586212714768,
        0.03621437950071671,
        0.049969609272471405,
        0.08914870627623173,
        0.07869461127582444,
        0.03506741142053904,
        0.040683227433536584,
        0.037055003372108875,
        0.045566582785301235,
        0.04111523215023427,
        0.05246551631634144,
        0.018322947952299273,
        0.07198806060381024,
        0.06652973096154902,
        0.04627268123777828,
        0.04744494096164675,
        0.052236367882040224,
        0.006239072793382094,
        0.05579353742047766,
        0.03522778532672666,
        0.0547697864521528,
        0.04251289641983336,
        0.04000963482755493,
        0.06096293324316426,
        0.029485715929674527,
        0.06825723592431299,
        0.051215099090773375,
        0.04203061819903242,
        0.030055213511235745,
        0.042775286542469426,
        0.0672150628633954,
        0.03624106260279658,
        0.01187238201385421,
        0.04379925085289249,
        0.030826069605631168,
        0.07066887239800446,
        0.04831297915152466,
        0.0364275212990266,
        0.041509366837279904,
        0.03291624533137194,
        0.08817029912776153,
        0.06044821354130503,
        0.04047955209025367,
        0.011923670253025986,
        0.07712747973567913,
        0.0884777712871686,
        0.032140557203983455,
        0.04378069173886512,
        0.049970804234910404,
        0.03154451164651051,
        0.04886462796725877,
        0.025258636729215245,
        0.032499169571549635,
        0.03790986626397119,
        0.010082901541720757,
        0.0646962386984723,
        0.02258256694718075,
        0.04207235580512292,
        0.08436369588143111,
        0.040468633975623725,
        0.04435860551591242,
        0.024868015894696338,
        0.05126992656248741,
        0.020468531485621666,
        0.060438364904983666,
        0.09040418810452089,
        0.04318923214858317,
        0.05038690983532812,
        0.06434447042082181,
        0.08352818513732219,
        0.07473280604737498,
        0.06513330295566966,
        0.034727560381719536,
        0.039241538826529365,
        0.009300881100145708,
        0.03221657754108076
    ],
    "delta_avg": [
        0.11606133861396277,
        0.09688530675300511,
        0.09668045342069007,
        0.08018419934956222,
        0.062256925463444863,
        0.05314662303470549,
        0.04499880597069701
    ],
    "delta_std": [
        0.059626060851756243,
        0.052863163087403096,
        0.039565907395175855,
        0.03497263898835199,
        0.029519062956779377,
        0.023550699787914797,
        0.02047126181676409
    ],
    "popt": [
        0.18529209701004573,
        0.2165946074834287
    ],
    "pcov": [
        [
            0.00019189973660108575,
            0.00026953120355780743
        ],
        [
            0.00026953120355780743,
            0.00042998274981695454
        ]
    ],
    "fit": [
        0.11810070092211443,
        0.10163680430775907,
        0.08746806673659127,
        0.07527453023287083,
        0.0647808407477808,
        0.05575003012316096,
        0.04797816488418803
    ],
    "k": 0.2165946074834287,
    "k_err": 0.020736025410308372
}