{
    "method": "QAOA_AR",
    "T": 1,
    "qubits_range": [
        3,
        4,
        5,
        6,
        7,
        8,
        9
    ],
    "num_random_models": 100,
    "delta": [
        0.04072623418282262,
        0.006490427166264134,
        0.04619148055775857,
        0.02951779519625375,
        0.034264379415726354,
        0.022861411307210644,
        0.0365414577594414,
        0.015668216537946478,
        0.010277856423471787,
        0.0401797132652052,
        0.006519242997593877,
        0.038339307049847116,
        0.024402133797229886,
        0.0018402216147487271,
        0.03495210579405461,
        0.023293365220304785,
        0.01097586118427274,
        0.007233972884587492,
        0.025850366842602113,
        0.009088595069539962,
        0.010663153795730684,
        0.01476025809979975,
        0.03428409853399894,
        0.0173632521913053,
        0.027436469305447297,
        0.023986446532484273,
        0.017708202892001812,
        0.06601232215174513,
        0.030541033539712936,
        0.03061180671714625,
        0.0329340024180812,
        0.04100517593309139,
        0.019418942913353998,
        0.02462426219939373,
        0.024435095949648433,
        0.012184872384467638,
        0.0008822178619346532,
        0.022237555919874974,
        0.03496019903926806,
        0.03487479864797527,
        0.046159940267262445,
        0.003997652545880137,
        0.03265693923080226,
        0.010641627545874499,
        0.03314020946502649,
        0.037080668824902574,
        0.022058694586465366,
        0.03200584642208304,
        0.025765783098480433,
        0.022575383062656496,
        0.02703210738636619,
        0.017011974021623133,
        0.021065224710940744,
        0.04828706018967022,
        0.0171030979623088,
        0.021099011576194204,
        0.00806830383719881,
        0.022146998410777385,
        0.01829772301421151,
        0.030969103830689626,
        0.022488598614113453,
        0.022445761596506242,
        0.04200377466756089,
        0.02057146138841226,
        0.06050651021571207,
        0.029365076220284392,
        0.01629566651032821,
        0.018289761621184897,
        0.059712486626782524,
        0.04960668545199853,
        0.036560659442564813,
        0.018339968575880383,
        0.04018130599249636,
        0.018390697783052135,
        0.01727052897118675,
        0.017933280680292873,
        0.020719532354067427,
        0.015522765555336271,
        0.003604297229922282,
        0.04532369791588908,
        0.034912765267531176,
        0.004299133355971763,
        0.041028038643776576,
        0.020073961547391717,
        0.04902591167135251,
        0.025917795751560835,
        0.035623536469300277,
        0.016669414913247915,
        0.031186208841852858,
        0.05281509366496584,
        0.017165334890138828,
        0.035397178033946264,
        0.03650019981302033,
        0.028237398471421593,
        0.059243858228467006,
        0.04011132864595701,
        0.012972519702560303,
        0.009481160814099887,
        0.018543752687755877,
        0.025647480017143565
    ],
    "delta_avg": [
        0.2003694029874379,
        0.1329006697042195,
        0.09971984996078273,
        0.07004954196160931,
        0.05040787187272947,
        0.034710637263653615,
        0.02653286250127792
    ],
    "delta_std": [
        0.07532731982700146,
        0.05500574529415781,
        0.03509637996354239,
        0.025278420271256652,
        0.01986224313423357,
        0.014568118155881918,
        0.01384558551953272
    ],
    "popt": [
        0.5591037270550682,
        0.5011508556854098
    ],
    "pcov": [
        [
            0.0005099696829378261,
            0.00030253004777920216
        ],
        [
            0.00030253004777920216,
            0.0001980154851143943
        ]
    ],
    "fit": [
        0.19720052535139385,
        0.1393306386121116,
        0.0984430787974147,
        0.06955426214684401,
        0.049143072747120826,
        0.0347216910148531,
        0.024532365591680736
    ],
    "k": 0.5011508556854098,
    "k_err": 0.014071797508292759
}