{
    "method": "QAOA_delta",
    "T": 1,
    "qubits_range": [
        3,
        4,
        5,
        6,
        7,
        8,
        9
    ],
    "num_random_models": 100,
    "delta": [
        0.05692845206206809,
        0.053414584457063596,
        0.046670419925009865,
        0.046919686210995404,
        0.04198178981641032,
        0.03526483744147846,
        0.032923680888447104,
        0.024506078221953387,
        0.0504907958923736,
        0.05930417553987266,
        0.051023833527036655,
        0.0754585474848779,
        0.0357499014953957,
        0.037072103872628825,
        0.03292829245355888,
        0.03967063301269991,
        0.03509080418688548,
        0.02412373539780055,
        0.03343847598901706,
        0.04614191174394211,
        0.035170301216737254,
        0.04441311611549714,
        0.038667769868377166,
        0.024273959629449227,
        0.04865118935238433,
        0.05155454451725927,
        0.04808044815602475,
        0.06615673529672106,
        0.05048185585898923,
        0.040359609476878444,
        0.03946986892013604,
        0.046789076288641374,
        0.07449091950692477,
        0.03468312338763124,
        0.04210189010397547,
        0.03239808184564641,
        0.055525312190425336,
        0.05285554917531776,
        0.04199499208450863,
        0.036271481197298394,
        0.052109718289883644,
        0.01880282341875661,
        0.05703425438285337,
        0.04259784323334037,
        0.04802039485080223,
        0.04411016201200457,
        0.025807501325050497,
        0.04077040339170901,
        0.038465737049766746,
        0.04446391141739314,
        0.06278884555510833,
        0.03512326896472984,
        0.02829439228695574,
        0.04261871318162225,
        0.041782704339437204,
        0.038836041902006846,
        0.03911009042082225,
        0.04786856555603214,
        0.020421991607386114,
        0.056983900435865875,
        0.04665604824477121,
        0.03547572103764485,
        0.0538450144751117,
        0.030705786582310823,
        0.06603723974362152,
        0.058198522613568615,
        0.058480122582380556,
        0.044964885541018074,
        0.0522991532293372,
        0.08462889129145323,
        0.03149938480618697,
        0.03876561197663464,
        0.03655890364249681,
        0.05116188862309379,
        0.08302706184999165,
        0.026532490832268607,
        0.02773502376064152,
        0.02518688241401079,
        0.027431379309804327,
        0.06535649613577443,
        0.04793627956072399,
        0.04958010290390069,
        0.06669671297407032,
        0.03135780858113002,
        0.038195515717283746,
        0.026433668151194523,
        0.056716382752281747,
        0.032505504140957986,
        0.05523757659829054,
        0.058691713014143665,
        0.03219434514674546,
        0.0391068581922025,
        0.04969390356131054,
        0.05464650373765134,
        0.0544797989296808,
        0.06157120297057095,
        0.06909987539391382,
        0.04384555677032387,
        0.037268681773153345,
        0.0512081135799608
    ],
    "delta_avg": [
        0.22823413892234995,
        0.16519541142803426,
        0.13010106368374677,
        0.10160079981713878,
        0.07176522793744984,
        0.057381371018275666,
        0.04490516440571477
    ],
    "delta_std": [
        0.06562282356969996,
        0.049497395398050655,
        0.030924750849460787,
        0.02339835351793278,
        0.019935539763565928,
        0.015259332151033728,
        0.013364366207654783
    ],
    "popt": [
        0.5159722379093507,
        0.39857941480889536
    ],
    "pcov": [
        [
            0.0002741604109965349,
            0.00016270841088332548
        ],
        [
            0.00016270841088332548,
            0.00010816149786442809
        ]
    ],
    "fit": [
        0.2252543861630509,
        0.17087907987262965,
        0.12962970637553006,
        0.09833772974158952,
        0.0745994831054816,
        0.05659153301819029,
        0.04293061394032089
    ],
    "k": 0.39857941480889536,
    "k_err": 0.010400072012463572
}