{
    "method": "QAOA_delta",
    "T": 1,
    "qubits_range": [
        3,
        4,
        5,
        6,
        7,
        8,
        9
    ],
    "num_random_models": 100,
    "delta": [
        0.07940696099777045,
        0.07423466450443428,
        0.04604689811388418,
        0.05032801798717701,
        0.060037200186144,
        0.036379469485610216,
        0.03531937317188549,
        0.027309761491060125,
        0.04805666030849287,
        0.041853964139762834,
        0.063032435427396,
        0.07795969974735006,
        0.03777528681635234,
        0.038688084659205035,
        0.03175474108894283,
        0.034246762642234696,
        0.038851789815999904,
        0.018914949336543696,
        0.034734475343587534,
        0.05264448465278426,
        0.05990415349794265,
        0.03689061559596518,
        0.036942903272099814,
        0.028993302650154318,
        0.062000090200861946,
        0.062472804182445274,
        0.044878055450222165,
        0.07335902862762411,
        0.06406362566139967,
        0.03874090160932975,
        0.037381119696021536,
        0.04871554972448344,
        0.09512243907004125,
        0.03550715812127425,
        0.03572240614483113,
        0.02634285138300696,
        0.06111193398372905,
        0.04924338386796545,
        0.046614921118980024,
        0.06212765399979081,
        0.054485394243426244,
        0.04030344199153324,
        0.051555647336347654,
        0.042255035554783715,
        0.0515545056176232,
        0.04109930345637447,
        0.02842835105644792,
        0.043607023431687875,
        0.036971466679383336,
        0.033218525179714464,
        0.030592028882499456,
        0.03371111534086846,
        0.02320337436967801,
        0.04041591919926413,
        0.041094807399537636,
        0.03774189998384181,
        0.04753822303925448,
        0.04844735234362341,
        0.03215772766642733,
        0.05415312515199855,
        0.05139017887345465,
        0.0317578047952074,
        0.0498417384064509,
        0.033992593231547685,
        0.06770688391229263,
        0.054495647251002755,
        0.07192033507021767,
        0.0545493875378914,
        0.05562279290057759,
        0.07014985071825164,
        0.032797358092867324,
        0.034450642174393975,
        0.03934002093769762,
        0.04043654204049629,
        0.06983085532419075,
        0.034943429682948834,
        0.03435559783230313,
        0.026949459811552612,
        0.037212748454386824,
        0.057925840360168235,
        0.04658567943651826,
        0.04839618663932044,
        0.06197528579240341,
        0.03603985333115167,
        0.050458620500157814,
        0.031691353293789803,
        0.0671322175756568,
        0.037671433306225244,
        0.058459870257211,
        0.07722966778090523,
        0.02989671037093844,
        0.037582345153321595,
        0.045921479578747926,
        0.06785839240918579,
        0.062247530393837236,
        0.06910284016203616,
        0.05296389173568905,
        0.05257649501462158,
        0.04238121561468067,
        0.04304050913514945
    ],
    "delta_avg": [
        0.2339917369090819,
        0.16815537495480892,
        0.13304785558283957,
        0.10389786579783729,
        0.07335511357471594,
        0.057752880184524645,
        0.0471512613058855
    ],
    "delta_std": [
        0.06800334137337397,
        0.04934543057164956,
        0.031119297353710995,
        0.023337231295942173,
        0.01987201092238556,
        0.015870637680915532,
        0.014615638305398316
    ],
    "popt": [
        0.5284110592950751,
        0.39907926201812277
    ],
    "pcov": [
        [
            0.00037123256950548963,
            0.0002152219501640965
        ],
        [
            0.0002152219501640965,
            0.00013975119007142038
        ]
    ],
    "fit": [
        0.23044506546798546,
        0.17475619673485812,
        0.13252498262530668,
        0.10049927469229836,
        0.0762128318268449,
        0.057795399547416464,
        0.043828685127914775
    ],
    "k": 0.39907926201812277,
    "k_err": 0.011821640752087689
}