{
    "method": "local",
    "T": 1,
    "qubits_range": [
        3,
        4,
        5,
        6,
        7,
        8,
        9
    ],
    "num_random_models": 100,
    "delta": [
        0.0021266873833369893,
        2.0540202167684818e-05,
        0.0021639308494665332,
        0.00329217497377865,
        0.0008241353443592114,
        0.004702819520297052,
        0.005617563995230612,
        0.00021824572655770869,
        9.393726405348968e-05,
        0.0026568503804776933,
        2.343743734967152e-05,
        0.004023832751011369,
        0.0002954214089697649,
        4.841747378026007e-05,
        0.009634064140301879,
        0.0006588729663905557,
        3.1980863514746716e-05,
        0.0017656516102502184,
        0.005877779318115728,
        0.00010514397409777665,
        0.0003599696812187636,
        0.0004401881419702214,
        0.00031262779411411756,
        0.00015877375859241205,
        0.004206214947971576,
        0.015691786086635795,
        0.00019128327246875632,
        0.010488699476218888,
        0.005639768535105949,
        0.0042627087616287085,
        0.001856930795753553,
        0.0027183357948546982,
        0.00016892613635688392,
        0.002574248433409254,
        0.0004876669544146006,
        0.0033226130239623064,
        0.00028200391869037666,
        0.012558465187373025,
        0.0031691019453381486,
        0.0010101340863581942,
        0.001083473374629329,
        1.1730914826202365e-06,
        0.005616635165895056,
        0.00765641677022022,
        0.003313178679484996,
        0.003099866683294872,
        0.0014726619748740566,
        0.005835587888172844,
        0.0002901900833816029,
        0.00010905566479446627,
        0.005560912821606312,
        0.0006264280664330935,
        0.0003120028429011157,
        0.0014598946419470682,
        0.0003468856770248996,
        0.0005720205938458678,
        1.623974991449284e-05,
        0.009083039649092295,
        0.00035637492866424925,
        0.002914253764709218,
        0.0023018869148854204,
        0.0006069321241791714,
        2.2571751640221294e-05,
        0.0004101514953614993,
        0.010096062509413084,
        0.0008945311234693776,
        7.122687392335791e-06,
        0.00011496032924185329,
        0.011485338945676493,
        0.009978254201462256,
        0.004499496272220682,
        0.006422715056016881,
        0.0023906147817890355,
        0.0018418871412627658,
        0.0014706387137353172,
        0.000423648314426206,
        0.0012075338585196826,
        0.0003492125587042372,
        2.4747210620734705e-06,
        0.0007313324448553482,
        0.00035938200299567846,
        1.47691284313467e-05,
        0.0014317419695147882,
        0.006169256089274988,
        0.004116521648471427,
        0.0011678087197275477,
        0.008510491320087521,
        0.0001755523306723461,
        0.0003346410743438888,
        0.010261301678695434,
        0.0004591429409814829,
        0.0019246537586553591,
        0.001671191421253715,
        0.0010290669341560532,
        0.013001214703584951,
        0.0008652447192870616,
        1.970051298427755e-06,
        6.190609392175972e-05,
        6.984000557430647e-06,
        0.00011221996963572956
    ],
    "delta_avg": [
        0.1493449444124072,
        0.05310481969080128,
        0.025552691647841706,
        0.014249408963960701,
        0.007384906108396812,
        0.004523048102924325,
        0.0027074065292917336
    ],
    "delta_std": [
        0.10080009904560089,
        0.044634407690808495,
        0.027127654662352473,
        0.016495951575379537,
        0.009501800767949391,
        0.007341903026264452,
        0.003493136575931849
    ],
    "popt": [
        2.3674233021905065,
        1.3334613021194754
    ],
    "pcov": [
        [
            0.18435193747360354,
            0.03449891840224666
        ],
        [
            0.03449891840224666,
            0.0065969257309373384
        ]
    ],
    "fit": [
        0.1479245878822537,
        0.05869870472739597,
        0.023292530241264733,
        0.009242826865769266,
        0.0036676929292653497,
        0.001455395802468432,
        0.0005775229777120433
    ],
    "k": 1.3334613021194754,
    "k_err": 0.08122146102439513
}