{
    "n": 4,
    "T": 0.1,
    "interpolator_kind": "cubic",
    "t_max": 10,
    "schedule_opt": [
        1.8545734629469592,
        0.6421040132107394,
        0.44700432291474224,
        0.6421040132107394,
        1.8545734629469592
    ],
    "loss_opt": 0.23591948198373802,
    "first_optimizer": "BO",
    "second_optimizer": "None",
    "n_random_models": 1
}