{
    "n": 4,
    "T": 0.5,
    "interpolator_kind": "cubic",
    "t_max": 10,
    "schedule_opt": [
        0.0,
        0.0,
        0.10288892262530455,
        0.6006631333875091,
        0.10288892262530455,
        0.0,
        0.0
    ],
    "loss_opt": 0.14898806113248528,
    "first_optimizer": "BO",
    "second_optimizer": "None",
    "n_random_models": 200,
    "n_iter": 200,
    "init_points": 20,
    "kappa": 2
}