{
    "n": 4,
    "T": 0.5,
    "interpolator_kind": "cubic",
    "t_max": 10,
    "schedule_opt": [
        0.0,
        0.5960465816156009,
        0.113226594269739,
        0.5945230492391275,
        0.113226594269739,
        0.5960465816156009,
        0.0
    ],
    "loss_opt": 0.06166945611412046,
    "first_optimizer": "BO",
    "second_optimizer": "None",
    "n_random_models": 10,
    "n_iter": 10,
    "init_points": 1,
    "kappa": 2
}