{
    "n": 5,
    "T": 0.5,
    "interpolator_kind": "cubic",
    "t_max": 10,
    "schedule_opt": [
        0.0,
        0.8867715959201055,
        0.9146791294046245,
        0.6938912852578266,
        0.9146791294046245,
        0.8867715959201055,
        0.0
    ],
    "loss_opt": 0.11930811096731678,
    "first_optimizer": "BO",
    "second_optimizer": "None",
    "n_random_models": 200,
    "n_iter": 200,
    "init_points": 20,
    "kappa": 2
}