{
    "n": 5,
    "T": 0.5,
    "interpolator_kind": "cubic",
    "t_max": 10,
    "schedule_opt": [
        0.0,
        0.31007564126159476,
        0.8797403840379777,
        0.9911545996239008,
        0.8797403840379777,
        0.31007564126159476,
        0.0
    ],
    "loss_opt": 0.12840442129126112,
    "first_optimizer": "BO",
    "second_optimizer": "None",
    "n_random_models": 10,
    "n_iter": 500
}