{
    "n": 7,
    "T": 0.5,
    "interpolator_kind": "cubic",
    "t_max": 10,
    "schedule_opt": [
        0.0,
        0.8669247903216114,
        0.9234775743824172,
        0.678323608222385,
        0.9234775743824172,
        0.8669247903216114,
        0.0
    ],
    "loss_opt": 0.08268170854435027,
    "first_optimizer": "BO",
    "second_optimizer": "None",
    "n_random_models": 200,
    "n_iter": 200,
    "init_points": 20,
    "kappa": 2
}