{
    "n": 8,
    "T": 0.5,
    "interpolator_kind": "cubic",
    "t_max": 10,
    "schedule_opt": [
        0.0,
        0.3663322809937942,
        0.9639325750916794,
        0.6675182919529253,
        0.9639325750916794,
        0.3663322809937942,
        0.0
    ],
    "loss_opt": 0.0878490714998094,
    "first_optimizer": "BO",
    "second_optimizer": "None",
    "n_random_models": 10,
    "n_iter": 500
}