{
    "n": 4,
    "T": 1,
    "interpolator_kind": "cubic",
    "t_max": 12,
    "schedule_opt": [
        0.0,
        0.0,
        0.039723770690759455,
        0.5942213730490274,
        0.039723770690759455,
        0.0,
        0.0
    ],
    "loss_opt": 0.14786924010450334,
    "first_optimizer": "BO",
    "second_optimizer": "None",
    "num_random_models": 100,
    "n_iter": 200,
    "init_points": 20,
    "kappa": 2
}