{
    "n": 5,
    "T": 1,
    "interpolator_kind": "cubic",
    "t_max": 12,
    "schedule_opt": [
        0.0,
        0.0,
        0.08094605987029813,
        0.5759939568038298,
        0.08094605987029813,
        0.0,
        0.0
    ],
    "loss_opt": 0.1250276180549735,
    "first_optimizer": "BO",
    "second_optimizer": "None",
    "num_random_models": 100,
    "n_iter": 200,
    "init_points": 20,
    "kappa": 2
}