{
    "n": 7,
    "T": 1,
    "interpolator_kind": "cubic",
    "t_max": 12,
    "schedule_opt": [
        0.0,
        0.48514997901169876,
        1.0,
        1.0,
        1.0,
        0.48514997901169876,
        0.0
    ],
    "loss_opt": 0.08018777721028546,
    "first_optimizer": "BO",
    "second_optimizer": "None",
    "num_random_models": 100,
    "n_iter": 200,
    "init_points": 20,
    "kappa": 2
}