{
    "n": 9,
    "T": 1,
    "interpolator_kind": "cubic",
    "t_max": 12,
    "schedule_opt": [
        0.0,
        0.3966897774009898,
        0.5026694199080073,
        0.5746089630377591,
        0.5026694199080073,
        0.3966897774009898,
        0.0
    ],
    "loss_opt": 0.0681036955363102,
    "first_optimizer": "BO",
    "second_optimizer": "None",
    "num_random_models": 100,
    "n_iter": 200,
    "init_points": 20,
    "kappa": 2
}