{
    "method": "quantum",
    "T": 0.5,
    "qubits_range": [
        4,
        5,
        6,
        7
    ],
    "num_random_models": 100,
    "delta": [
        [
            0.14791771845678614,
            0.1434754903335217,
            0.21719087867425535,
            0.16349415719269733,
            0.05870885089361444,
            0.09307423706168183,
            0.07541220821235872,
            0.0620463790574155,
            0.08464194488140697,
            0.07220256741853426,
            0.11305551988978257,
            0.08731974421870858,
            0.14944516542883035,
            0.20003794735607905,
            0.09603723285452137,
            0.04958463769124555,
            0.14303366443091037,
            0.044532820633108705,
            0.15372706858816076,
            0.13186685988337787,
            0.18951763061390026,
            0.19498904342010226,
            0.12955030117936805,
            0.19153675983255947,
            0.05099932666156126,
            0.12755623523238901,
            0.10589785299706067,
            0.078435655020624,
            0.11844642826368335,
            0.09449955707198232,
            0.058535457329412566,
            0.07508605273628433,
            0.08296793406130631,
            0.12405821068247358,
            0.15517937393701875,
            0.12859636931161866,
            0.16870658079484524,
            0.15486739359382906,
            0.10617952513151474,
            0.04808660646418239,
            0.12191578673789549,
            0.13224917011156834,
            0.06759826151011283,
            0.09868752490125532,
            0.10904971473647018,
            0.1061801997277022,
            0.07337420543896245,
            0.0981384664677617,
            0.07928288947375828,
            0.08084480747826528,
            0.24498409653645026,
            0.10430637635597773,
            0.0795026700595245,
            0.08945753796640543,
            0.16555829630961527,
            0.09960694804076009,
            0.15186296829752044,
            0.09779811671359462,
            0.18368250620534254,
            0.05708956971337631,
            0.1599441215211277,
            0.13329639906015311,
            0.13199044471723853,
            0.07748524657098166,
            0.11407242992549393,
            0.16389065092353783,
            0.20504361400694848,
            0.053953692474403736,
            0.25332705263202604,
            0.2190040762520632,
            0.06823761954550278,
            0.18650007072984598,
            0.14766764064391902,
            0.119197333811915,
            0.1423321481486255,
            0.14457904661592225,
            0.1482403011337754,
            0.1277647528445589,
            0.09136292990329054,
            0.14312030687054844,
            0.17275756607144743,
            0.11937531831750425,
            0.09929739581057795,
            0.17455252522038933,
            0.19349227193901608,
            0.05518839346678195,
            0.04383578975796354,
            0.0832049185155993,
            0.16053761390932386,
            0.12915855030308976,
            0.07514871687834979,
            0.16870514819526639,
            0.07453457998861812,
            0.17773956987323225,
            0.1013003879774873,
            0.1688561197297791,
            0.16736744850681673,
            0.07481982834259426,
            0.16976150739598328,
            0.13758113278486084
        ],
        [
            0.11565345771171864,
            0.09380255404524518,
            0.15542431834212433,
            0.10231862094432398,
            0.1223699654896312,
            0.08207530811478325,
            0.15164719769333346,
            0.09152329973355822,
            0.14012635109700666,
            0.04674707986086357,
            0.1356026726986469,
            0.11440795070810938,
            0.08471711605885623,
            0.08593291303504269,
            0.09055359388271678,
            0.18275715309338603,
            0.09057020213296885,
            0.1418568720407627,
            0.11859266117047373,
            0.1858810493080466,
            0.11070288098103076,
            0.048621325904384616,
            0.06719583925143469,
            0.07025904169080355,
            0.1703834796186915,
            0.06223631454104084,
            0.14987589591446493,
            0.13470226801801044,
            0.05272060811972079,
            0.10266980870981379,
            0.155068695754214,
            0.07493344504951294,
            0.1402180707727554,
            0.16767547199758992,
            0.09142179511308313,
            0.1592097455624253,
            0.10002447743405818,
            0.058109164070017205,
            0.08841670723804274,
            0.0996858046288076,
            0.06551634478365154,
            0.0887394325454327,
            0.16296246026621064,
            0.10861244292893413,
            0.10758803645440596,
            0.1342173436493812,
            0.08470087553374617,
            0.157086174851369,
            0.06462563772665109,
            0.0671677210104542,
            0.10753110394714482,
            0.13159858857119788,
            0.0796500372326926,
            0.15694392160871118,
            0.056192159996518054,
            0.08889322720620962,
            0.04367164690827541,
            0.10879820326732581,
            0.14814262281618473,
            0.102740539219639,
            0.11693114723039699,
            0.19941931861905426,
            0.0922318677866526,
            0.04195379285617029,
            0.11540550438188157,
            0.1140551305313684,
            0.12244704224449876,
            0.07046009796480279,
            0.0896438307782016,
            0.09950756005541617,
            0.1362238372117549,
            0.07603599748524115,
            0.08233893015445981,
            0.10378010290653183,
            0.16297829760708693,
            0.1520092211198797,
            0.22389771536089387,
            0.10704821720452351,
            0.08716549990053879,
            0.08572976426102219,
            0.06613144834398688,
            0.08541505177345188,
            0.04750611460049592,
            0.1532631915389182,
            0.06294027985511419,
            0.0989060119216646,
            0.12397387961629391,
            0.03681070770637074,
            0.17178583666362257,
            0.14840945556103757,
            0.05072488976525702,
            0.05981267882233732,
            0.07320910212444431,
            0.10872550922078794,
            0.05795483419593839,
            0.15828587045319664,
            0.037172068370072586,
            0.11208161097292524,
            0.04469605165682944,
            0.07984464987820039
        ],
        [
            0.09794793500322752,
            0.07540068783764797,
            0.07765802996338689,
            0.10008576737042885,
            0.06724245496279457,
            0.03622910960597869,
            0.07894329656319576,
            0.06204766296383135,
            0.01970935806491081,
            0.1017708548716324,
            0.0393849472853971,
            0.07765542037157147,
            0.08909301130091019,
            0.07764200778351216,
            0.09305470383959114,
            0.07856663370095052,
            0.05922520898135508,
            0.08850636033447346,
            0.06465554693082631,
            0.20291120918547434,
            0.06710298927918434,
            0.07022863786441824,
            0.08083448053271203,
            0.13082001805055254,
            0.08454582438655556,
            0.07989859759570417,
            0.06413386317354086,
            0.07941058262985767,
            0.08550273099256589,
            0.030686411014518855,
            0.08806941500118404,
            0.04053916907150079,
            0.1530087509545226,
            0.08450811421456794,
            0.0488319121551295,
            0.1253664873220287,
            0.07622130026648577,
