{
    "method": "quantum",
    "T": 1,
    "qubits_range": [
        3,
        4,
        5,
        6,
        7
    ],
    "num_random_models": 100,
    "delta": [
        [
            0.1829442834265559,
            0.17356171442702273,
            0.1499591748126362,
            0.09555684218446392,
            0.14781780217509788,
            0.10999756476466216,
            0.06257198995630453,
            0.06073145608982233,
            0.20077235379250424,
            0.1829543646825872,
            0.22871268464719596,
            0.09673526911643038,
            0.24318999786525441,
            0.12573016685599148,
            0.11281178122308833,
            0.07808255853068946,
            0.22509980349327063,
            0.23675205276138078,
            0.0847553210155435,
            0.2177224190744783,
            0.14534615667907425,
            0.20594927650368267,
            0.24774663906579109,
            0.2303562111717441,
            0.17068065129128163,
            0.24122316719317372,
            0.17737138140231978,
            0.1619188066575996,
            0.11639838765066124,
            0.0982662821487641,
            0.1717807074315708,
            0.11156903008400532,
            0.181669647667413,
            0.18986799726010528,
            0.2055932506938023,
            0.18909386969564645,
            0.2043758748624399,
            0.1623794710592451,
            0.17844268030918098,
            0.191828072959072,
            0.1850292750351511,
            0.08749166506181505,
            0.15668928168746588,
            0.18883205036234585,
            0.1089071203649451,
            0.10817548818240674,
            0.17337210151048277,
            0.09220138230878316,
            0.15799305966560828,
            0.16533936035752061,
            0.09098965491460653,
            0.1563568818254466,
            0.15803659063576847,
            0.16664126679015223,
            0.1382414881800138,
            0.08991633640380392,
            0.1744489192304709,
            0.11530261406454989,
            0.06850065059552723,
            0.08923485711122203,
            0.2633490848136153,
            0.04207878987832292,
            0.15123543739193968,
            0.1708555962253161,
            0.21478894450447594,
            0.20592002946048504,
            0.19036245366817317,
            0.23401406925243118,
            0.11784748098973619,
            0.04080990250091365,
            0.050835046253895344,
            0.06475607071355227,
            0.12312133806389736,
            0.1388370384090717,
            0.09020537754660485,
            0.23164897693242648,
            0.12123272169080967,
            0.08631959286296198,
            0.20040757289748057,
            0.05626656202623759,
            0.22731024411755696,
            0.14383182767584457,
            0.24245495056802846,
            0.040681130522825515,
            0.1511257703260337,
            0.20432790441207438,
            0.2202488637037402,
            0.04399694839168944,
            0.22652435965904139,
            0.1988286318428969,
            0.1333166767334224,
            0.20103944436566967,
            0.13376410525816484,
            0.13354348805702576,
            0.0732326499825734,
            0.05666299221084592,
            0.0720414831536067,
            0.0838776910104575,
            0.1389324130559365,
            0.061112927573482634
        ],
        [
            0.15255229442146112,
            0.06771739872102411,
            0.07766537006127616,
            0.08988488478960088,
            0.1919687761839437,
            0.0936346713486097,
            0.22216085852587775,
            0.10817586473804996,
            0.21868026213107794,
            0.08503186677852526,
            0.13518007146869793,
            0.10696676534867655,
            0.14643686610580053,
            0.12206552438839435,
            0.06697478450047134,
            0.12036511848753717,
            0.16876629358694129,
            0.06293406858027117,
            0.18796626088707546,
            0.12450107518408848,
            0.1504168890484262,
            0.10068299077819631,
            0.03975983615001433,
            0.06882237218679244,
            0.03610065439634236,
            0.09823505536045207,
            0.16035862132687895,
            0.09169747824414232,
            0.07327365258213758,
            0.13711851452310042,
            0.1482423562736126,
            0.21466228569015844,
            0.13391405225390163,
            0.05397577976751844,
            0.05743481209197154,
            0.030325253277169173,
            0.21224600004841943,
            0.14635475300494238,
            0.09703120520663322,
            0.0737317857265819,
            0.03482442915728756,
            0.06623279896606271,
            0.18084509954077554,
            0.27206550067070767,
            0.18995038334313763,
            0.1153015700936767,
            0.08017760294888643,
            0.07909743493611443,
            0.03593549837154297,
            0.17770768545535331,
            0.2106993221758473,
            0.2214265430311273,
            0.2027674551765245,
            0.11898492485043,
            0.06718514288249866,
            0.06426235795189883,
            0.10587260503860729,
            0.09705716041538259,
            0.04772903105196602,
            0.20339529354557095,
            0.1178765074990763,
            0.16792194442904285,
            0.13066414551116556,
            0.26991347761666173,
            0.19674449537832728,
            0.1421850009318668,
            0.10342101372825174,
            0.03454444255521549,
            0.07780692384656374,
            0.1808388650439524,
            0.13667177543763775,
            0.055544861139134816,
            0.14955434613972018,
            0.1613168403299189,
            0.14615153081525023,
            0.15130352596626018,
            0.14478053030821536,
            0.1663922223297959,
            0.12760764869270125,
            0.13952525240383618,
            0.031907320356717284,
            0.05323999620788178,
            0.22876726883047094,
            0.14531366680454727,
            0.10875276427391511,
            0.10523748062390226,
            0.11662318769387292,
            0.18809316294441858,
            0.12826622260625486,
            0.10564249521618474,
            0.1869661833407048,
            0.05007370878288453,
            0.057778665276344454,
            0.11262898703567414,
            0.1578250004209245,
            0.0963252072591878,
            0.07094423470339528,
            0.19001951108799686,
            0.2007668113193486,
            0.04040176322952438
        ],
        [
            0.0371802069474414,
            0.10272076321182821,
            0.07606367905677969,
            0.15684191266548064,
            0.08302746846886577,
            0.0885922506322292,
            0.054547634983093785,
            0.0780941701285992,
            0.1289608180726739,
            0.11185670672814219,
            0.04083684643237784,
            0.17885885997007622,
            0.08614385655442847,
            0.1578097208266579,
            0.07183736282109787,
            0.12266470339932212,
            0.123861570310009,
            0.12620359288495886,
            0.1560973845696374,
            0.04919770287517611,
            0.08343307517602194,
            0.10015666526377798,
            0.1311055989798856,
            0.04828100852896611,
            0.10462314340499057,
            0.10832792091768861,
            0.1296701014286057,
            0.11004503375764452,
            0.10621534118346387,
            0.0963348922420385,
            0.09501607206698548,
            0.09394952336534412,
            0.1680690152718476,
            0.13188408944530938,
            0.17015969064872005,
            0.08734773855258449,
            0.11602854792443495,
