{
    "method": "fixed_gamma_fixed_time",
    "T": 1,
    "qubits_range": [
        3,
        4,
        5,
        6,
        7
    ],
    "num_random_models": 100,
    "delta": [
        [
            0.19645529606523404,
            0.08497911861671936,
            0.17386147730950152,
            0.1348643221659117,
            0.13126204579328704,
            0.08647407000395113,
            0.08400847039771109,
            0.01748992033159935,
            0.19955691964469036,
            0.11615191270873737,
            0.05871951423151389,
            0.11641239182364693,
            0.11507771611946505,
            0.09155881435798974,
            0.09756214888405956,
            0.05311752156694405,
            0.1981994828429735,
            0.08109703863219875,
            0.043532643909806046,
            0.20254508616220812,
            0.1282405456789938,
            0.29703420978700745,
            0.15829620992928806,
            0.11710898617926735,
            0.18933983607563798,
            0.10654939194377311,
            0.035690203108942664,
            0.1299640175351673,
            0.12888302552117037,
            0.11170871578135078,
            0.11110281247425413,
            0.060866631952979144,
            0.10233504476205235,
            0.1471496445331104,
            0.06423711470642923,
            0.13298607932084638,
            0.15388496801305163,
            0.08621808074172477,
            0.1898695346196213,
            0.24336714344179733,
            0.12805640134132779,
            0.13632422574852454,
            0.024076215683493052,
            0.17724727769672466,
            0.13010903608701518,
            0.10393489589095684,
            0.15018982425840943,
            0.09924703162250648,
            0.04442885599579793,
            0.23436869505901914,
            0.12636179463445463,
            0.1293565323886654,
            0.12206779089817388,
            0.1868323989024835,
            0.08514457955540256,
            0.0575938912252304,
            0.08782399522320761,
            0.20253499304946154,
            0.01850330910360576,
            0.09700647027120013,
            0.21863553318902162,
            0.0864847820855631,
            0.05726094125439074,
            0.18309453500635942,
            0.04207297152510969,
            0.1726196054684236,
            0.12445769116090144,
            0.22782050681998223,
            0.0698159820476918,
            0.0140051258572651,
            0.05038427916843624,
            0.0695550943271207,
            0.1087905275866985,
            0.14050554383278113,
            0.12326386791107491,
            0.062346934539173726,
            0.15859204575327857,
            0.06496688792862648,
            0.20880343957490766,
            0.029570191840982973,
            0.10654903551872441,
            0.04492886280984021,
            0.08383536616500598,
            0.04845851302125215,
            0.11522869562360583,
            0.10725375415540128,
            0.17657704257033946,
            0.05801069508419565,
            0.2676967780356587,
            0.16764514436169087,
            0.148780940784622,
            0.10936106760413522,
            0.11813009610913972,
            0.17132986499435943,
            0.0436612172858567,
            0.0908313653757824,
            0.07932922571953482,
            0.014077306969701109,
            0.09240761926787455,
            0.030028460751491903
        ],
        [
            0.17254102863063414,
            0.07191060951430239,
            0.09428159923793278,
            0.05240911325474107,
            0.11258278844579483,
            0.06935371362776777,
            0.06312825352638884,
            0.13654895244274656,
            0.1362366226923034,
            0.013134052539176988,
            0.07316581564848523,
            0.10834328873987231,
            0.1419859574182123,
            0.059582870250973086,
            0.04761474166459556,
            0.11301777259940726,
            0.17709415610717816,
            0.04350290422078007,
            0.06237421031118018,
            0.1489052615208144,
            0.11915898996986762,
            0.07399090496163985,
            0.01893019445690769,
            0.11073619848549598,
            0.022942269048670916,
            0.10130556198144602,
            0.13720788431233766,
            0.03220325312920391,
            0.02487467943742716,
            0.1379713526688221,
            0.16513108858044034,
            0.16894024353082693,
            0.16469700569400914,
            0.046234223594969315,
            0.08232142140059151,
            0.010870807610429911,
            0.21868690636464216,
            0.11210482725251725,
            0.14234922069807843,
            0.08131725060061767,
            0.019848147827390528,
            0.032835330085644876,
            0.17573920283827948,
            0.1503309954574703,
            0.15977382943861818,
            0.11588632504364071,
            0.10200199047242786,
            0.07562864168793959,
            0.012923589723569995,
            0.05665767923907994,
            0.20520575539670738,
            0.141961206009534,
            0.14034843685086473,
            0.0740736552179092,
            0.018063399044586093,
            0.08222185327328801,
            0.10160724699941737,
            0.056090120241350405,
            0.0005717019471522811,
            0.07306781960222375,
            0.1592803390591302,
            0.045749089399797604,
            0.11251556186288236,
            0.15406828574994202,
            0.04090702203915608,
            0.1467460499186065,
            0.13392110146702496,
            0.030025649743180116,
            0.06353197249681009,
            0.15973323926953054,
            0.16235264941405847,
            0.03974083199308032,
            0.12259548677604493,
            0.08968788156505259,
            0.1459670055048614,
            0.059578755660934624,
            0.09732631920527723,
            0.1390162653235505,
            0.08809236637347695,
            0.14973049671818717,
            0.012180834575779564,
            0.029738186312595172,
            0.175803311544236,
            0.06603624696070765,
            0.14158996239640664,
            0.05539411349506551,
            0.0850191236151443,
            0.12450979878479707,
            0.05349261621556456,
            0.0891676108236823,
            0.08754295318236505,
            0.05268381561138691,
            0.06078883267875357,
            0.15876954584546066,
            0.1677754185037078,
            0.08470145698720599,
            0.05255745596210126,
            0.16173416906166005,
            0.20424309603479285,
            0.01971083459919587
        ],
        [
            0.042886198743389836,
            0.039900485699295274,
            0.07877759656212524,
            0.06150270613336184,
            0.0674087660188828,
            0.09266415506182568,
            0.06486401208557802,
            0.09157909293423427,
            0.13614635311918533,
            0.12472776134128205,
            0.048467909874717385,
            0.19396485192095947,
            0.11214911443848252,
            0.13288553970461925,
            0.11495241049297567,
            0.13521382895534761,
            0.08196239418017437,
            0.12988472946359808,
            0.15940101099538073,
            0.08462888473182462,
            0.09718421004735456,
            0.09240469723779532,
            0.06675832320709363,
            0.03589959800901421,
            0.07974981531858327,
            0.12703459821529217,
            0.048758903869924985,
            0.03887027961806344,
            0.10531181788947153,
            0.08818801383603592,
            0.1240675806292969,
            0.06390609987530094,
            0.11792897487348675,
            0.15142244450801967,
            0.18468717462745943,
