{
    "method": "local",
    "T": 1,
    "qubits_range": [
        3,
        4,
        5,
        6,
        7
    ],
    "num_random_models": 100,
    "delta": [
        [
            0.22339429964620594,
            0.233375848895087,
            0.15663231295324176,
            0.011138789586655595,
            0.18716416103262512,
            0.23700060635194575,
            0.1418332647925934,
            0.08431613227603874,
            0.17886105411405195,
            0.1137610912637188,
            0.059251954661356354,
            0.27188421831701226,
            0.01191060108966957,
            0.18299947142017248,
            0.0012270146296066153,
            0.08614250420416536,
            0.3173138329269689,
            0.08388416423920886,
            0.04602737378949173,
            0.03928766514314008,
            0.03512296362372802,
            0.1503969058409539,
            0.06985353084153656,
            0.2549908389218768,
            0.06204816436397731,
            0.049935005808327104,
            0.2789234303181517,
            0.06461106813394679,
            0.10445195928519946,
            0.2806068570242466,
            0.3260314749337855,
            0.3679535541268325,
            0.02911146797563935,
            0.28080697824366907,
            0.32542054980850577,
            0.026429951115873318,
            0.030555138640806834,
            0.08945980751345817,
            0.26194880391454645,
            0.29029431657228943,
            0.08989108949204827,
            0.00373429410274162,
            0.32997819416195195,
            0.2566718004613211,
            0.08655640596512126,
            0.21963186718743055,
            0.02890935313621623,
            0.22257072826380986,
            0.05822445366721085,
            0.3414985583135519,
            0.07832323838775013,
            0.04287890678384987,
            0.07007561415546826,
            0.1124092087621944,
            0.299451926758055,
            0.05928053996543958,
            0.055415775868015715,
            0.3424767753533956,
            0.22562792306693913,
            0.18988766739382923,
            0.1320406889757868,
            0.2018940912472743,
            0.16746983206321642,
            0.02387472980439398,
            0.3282797747330861,
            0.15347728701541086,
            0.041907502262188534,
            0.24429318977807812,
            0.05846036440161262,
            0.07764556430044367,
            0.04450379293381612,
            0.17105271300955993,
            0.2204633807669899,
            0.05859654463821007,
            0.08279402456311025,
            0.1089025609355827,
            0.1396918144849253,
            0.20162715229150985,
            0.09233015515411946,
            0.21779998772738907,
            0.09834972508795237,
            0.19107917391525875,
            0.10812008400319884,
            0.1638845042853162,
            0.3364064051477834,
            0.24834847580275776,
            0.22975356708374362,
            0.049910348278976224,
            0.19901059781981123,
            0.2402424633595549,
            0.04289008260101368,
            0.17085659400565234,
            0.19010975675378083,
            0.043498187949521316,
            0.3045419080064443,
            0.17559447647114979,
            0.09291056816076748,
            0.04933699033142347,
            0.004743956003182559,
            0.0679479755000928
        ],
        [
            0.10245089616391434,
            0.03022914594364068,
            0.07681479382209377,
            0.005207206225470329,
            0.040333843981363415,
            0.03953999263590435,
            0.013771894454190692,
            0.08678593455070571,
            0.083774699632163,
            0.013978925260286768,
            0.0046395152077983726,
            0.1468092453805827,
            0.07477017846979062,
            0.01676281149802583,
            0.044661068464249,
            0.0014064062456421444,
            0.022563613801964477,
            0.0765778698075763,
            0.09904638237258456,
            0.05109765967844482,
            0.030922556280065572,
            0.15282721594275028,
            0.04239108758859056,
            0.032608732010551145,
            0.019147243144390758,
            0.008941987622040126,
            0.04241442178170429,
            0.04028578064605193,
            0.03810517644502098,
            0.0858375319444522,
            0.020979989012600564,
            0.07598733413599146,
            0.009661323005641265,
            0.026557459573555153,
            0.02792788342763397,
            0.0016627398989371711,
            0.03631642184233874,
            0.018307176727100916,
            0.069912739399558,
            0.07801441385409913,
            0.0035741072055222034,
            0.00802397890855322,
            0.1281957363704348,
            0.04634613839696666,
            0.03751981465124665,
            0.0005888235329661873,
            0.0339468249470678,
            0.13587751840422602,
            0.09610743276820721,
            0.07102176446080632,
            0.039244959569845195,
            0.15157306063108722,
            0.10880690677571281,
            0.012392874803319631,
            0.009768626782642675,
            0.16452840773858035,
            0.003072055565317866,
            0.011599727068587251,
            0.03232544408231852,
            0.04188633436147693,
            0.009733765167938557,
            0.08066568652649408,
            0.10652773451761155,
            0.06462393994390969,
            0.002217777740990079,
            0.004512178220250629,
            0.019720943984766426,
            0.0034821543739678162,
            0.01891434791707891,
            0.06354140905588646,
            0.1019058423946384,
            0.014588476438013753,
            0.10023715545974798,
            0.10958001650756899,
            0.05745729621310636,
            0.05742191098399896,
            0.021329609235324898,
            0.004293878233618265,
            0.07226745756456221,
            0.18945575505254586,
            0.025889583894204482,
            0.04242095374592236,
            0.12888282616537294,
            0.03915233118748329,
            0.05967833775619924,
            0.02278340746943064,
            0.011333000648899083,
            0.13430115276442667,
            0.020426225501975037,
            0.1004987796126876,
            0.04096465067393351,
            0.08373980079065024,
            0.003572032465968711,
            0.11167207184020611,
            0.033356162373677,
            0.07773851590800529,
            0.01912008190225012,
            0.15378838399264005,
            0.05270718999064816,
            0.019547309959176862
        ],
        [
            0.014502022995245722,
            0.010783527733373544,
            0.00902765737277611,
            0.035799707648659584,
            0.10303512253830338,
            0.0011273034348254773,
            0.06376008064573246,
            0.0014267483297402128,
            0.04569358134267332,
            0.005520929850238776,
            0.04889428115130712,
            0.05088655880116155,
            0.08973443250193358,
            0.028382230602077452,
            0.06245006055168645,
            0.09405024530061323,
            0.03792479584510844,
            0.004866333898411401,
            0.047575604151367634,
            0.00014338095415822316,
            0.002732260858257174,
            0.04926850928594906,
            0.05895752344581451,
            0.0010442966812984622,
            0.02498542413833027,
            0.021670348663730188,
            0.03126388690988935,
            0.03861235136528762,
            0.01273423427710696,
            0.0035343213511711546,
            0.007436379978136953,
            0.02792656917143521,
            0.021299897978462767,
            0.003953797643089452,
