{
    "method": "random",
    "T": 1,
    "qubits_range": [
        3,
        4,
        5,
        6,
        7
    ],
    "num_random_models": 100,
    "delta": [
        [
            0.17409064666312946,
            0.18117261019389697,
            0.25657840660619724,
            0.1581623181062185,
            0.25613207837996377,
            0.15223120742867058,
            0.17038358928339292,
            0.15160182709189207,
            0.17503797575346203,
            0.3728445405030214,
            0.35374534698320603,
            0.21231905066371826,
            0.3369069757654557,
            0.185357085066443,
            0.15744571374272254,
            0.15458290551751586,
            0.3611392604357183,
            0.3783803488708132,
            0.13295205079548655,
            0.40096051806730837,
            0.23409402945029734,
            0.35954818057459736,
            0.364200925029877,
            0.26808164484789343,
            0.18097531034232184,
            0.330589105003832,
            0.13555507334348504,
            0.24122370471750676,
            0.22018084054229026,
            0.16420054425091224,
            0.3435254732171472,
            0.32793915265806384,
            0.1846249858008947,
            0.24743666288008515,
            0.22018501039652716,
            0.2077268928005772,
            0.24606175706348665,
            0.18542411543557702,
            0.3621721581540793,
            0.24647583727779798,
            0.18456527157938962,
            0.17806931368356105,
            0.16093770907706872,
            0.3101195744304639,
            0.1475771306893343,
            0.21713745114203298,
            0.19213503152465006,
            0.2078543372723054,
            0.17370190768638816,
            0.39293247207421744,
            0.13431318671114567,
            0.18458757303534978,
            0.21726705843715022,
            0.187753220189824,
            0.18842934167257497,
            0.13587661295852205,
            0.2969128212336184,
            0.21778026011580076,
            0.15325088279646992,
            0.13146204269480888,
            0.32386629866302785,
            0.125746389272114,
            0.16661398857985787,
            0.24368664521692296,
            0.3150113590561704,
            0.2622396345509348,
            0.19390988523185548,
            0.3654403989797307,
            0.14695187276937227,
            0.1344291716004452,
            0.12551452771258398,
            0.16664113362184152,
            0.28175132936257286,
            0.1632286520353573,
            0.1601115629641333,
            0.2617934186807517,
            0.21346017642687054,
            0.23380295628198666,
            0.29946094984296867,
            0.13620221146936806,
            0.2826935852603696,
            0.2521734031254076,
            0.29395912516907063,
            0.12553140082365433,
            0.2988982808117242,
            0.2855562540442862,
            0.4268805527732322,
            0.1254342677280097,
            0.39157999328023985,
            0.15952257166691652,
            0.3042446024143013,
            0.23905758084697792,
            0.2485723604394009,
            0.2618646278649299,
            0.12975307375763612,
            0.13028422391267802,
            0.143240168873774,
            0.1513373739572773,
            0.15864368951547403,
            0.16686427373797064
        ],
        [
            0.11956088701642364,
            0.0656111209092296,
            0.06645471997768848,
            0.06998033570574391,
            0.12610512375825533,
            0.08944311297529084,
            0.13427836651966718,
            0.12429128475864415,
            0.18332585009593494,
            0.07743398674723989,
            0.1091133100508268,
            0.07326646966038963,
            0.15279533135763435,
            0.09460191120749761,
            0.08057398407090965,
            0.12074529100409759,
            0.13407449199777555,
            0.07819872841495545,
            0.20590592647363537,
            0.10218350469083126,
            0.1034182161927314,
            0.09203374305427514,
            0.06442816779658489,
            0.07388160153776613,
            0.06343046085827064,
            0.09133336571996431,
            0.1592095039160839,
            0.0655257874447398,
            0.07424754796793787,
            0.09277557433125427,
            0.18104731474731584,
            0.1301177601456044,
            0.1672063048505168,
            0.0995350797775294,
            0.07695179750495695,
            0.0686482244840676,
            0.1419391961831057,
            0.12355272527771288,
            0.07792098195558672,
            0.0708579789671957,
            0.0645123004264826,
            0.12271921496672089,
            0.3246349008449242,
            0.1809331240124724,
            0.20989206668022486,
            0.11388074012283422,
            0.06720138881113424,
            0.06675928861415614,
            0.07010960396181587,
            0.13923787365118878,
            0.11578406844872602,
            0.18626644828687622,
            0.13300417189718028,
            0.08875513269254631,
            0.07711685494490372,
            0.06669713573878921,
            0.0991930603577087,
            0.08277406623201211,
            0.06952733946142098,
            0.18914413401747443,
            0.0912401527211929,
            0.12994869522972086,
            0.07694590588771943,
            0.22134225651756323,
            0.14080847280239062,
            0.13532008121930672,
            0.08986623554000484,
            0.0640899356268887,
            0.08487985980838086,
            0.14450206625741657,
            0.13428148731998557,
            0.06634892657513425,
            0.09277649140456279,
            0.11439904739819995,
            0.11614090148301437,
            0.0906283313166295,
            0.11903914346648448,
            0.12967380806201556,
            0.09259029983834899,
            0.14180130501554955,
            0.06295503811753422,
            0.06852528718740791,
            0.2236025328820831,
            0.1819417018038989,
            0.11265507327244073,
            0.08017941327620104,
            0.10766366386027426,
            0.17630512482882088,
            0.08617017130684446,
            0.10696022375552228,
            0.14180179079899835,
            0.06934221071328461,
            0.07152906010407534,
            0.11509007754420097,
            0.10763923518564522,
            0.0937199198637948,
            0.06829244463200879,
            0.10549824852268341,
            0.13360043187317572,
            0.06491712889585632
        ],
        [
            0.03537540813509854,
            0.04603901444716696,
            0.05603868699961334,
            0.07121845300559826,
            0.03853848997552778,
            0.049580522337107524,
            0.03508431396830736,
            0.04941718959081598,
            0.052908765545602754,
            0.05467150381203301,
            0.03230689507006734,
            0.12060864672655525,
            0.05446094255217415,
            0.08652140484196713,
            0.042652424661412724,
            0.09693512850729813,
            0.062416305093002,
            0.07227499039942442,
            0.10830438106467921,
            0.03669201235545705,
            0.08617616756411406,
            0.04476053260121249,
            0.07405134608809916,
            0.031763878695494574,
            0.039459582561113926,
            0.06887811636544106,
            0.05507716282292818,
            0.06697068858529776,
            0.042247834017846264,
            0.05555424257249442,
            0.052750860658521526,
            0.040329511040642085,
            0.09602668354062582,
            0.08562205274568724,
            0.12872870435491868,
            0.04259735307885715,
            0.07981398275511353,
