{
    "method": "random",
    "T": 0.5,
    "qubits_range": [
        3,
        4,
        5,
        6
    ],
    "num_random_models": 100,
    "delta": [
        [
            0.18783127947095635,
            0.19017669183943142,
            0.1320967223145998,
            0.1996644305773193,
            0.12552049896687678,
            0.12815319466758557,
            0.14586493958664648,
            0.227355364298642,
            0.18115812049940716,
            0.21666055815950147,
            0.12502313757501948,
            0.18013830788080498,
            0.1260552340679746,
            0.4245909388571971,
            0.19639611084867847,
            0.24782285810493787,
            0.13831775800061263,
            0.1353176952124916,
            0.15543603268342387,
            0.15968164787688288,
            0.1309179336398707,
            0.12812707589530803,
            0.1250143498873778,
            0.12743184995129408,
            0.1334871275927222,
            0.12515712346435548,
            0.12623868624937506,
            0.13472297579828085,
            0.12757483908799505,
            0.1251107244574159,
            0.13301236793262528,
            0.39468351169675964,
            0.12724229743202753,
            0.12500463611673895,
            0.17992754216979445,
            0.2672901587211862,
            0.12510133805336787,
            0.13053078833954612,
            0.15375079931257196,
            0.19386290458859468,
            0.4360861756207136,
            0.3562355810202015,
            0.1437756706796608,
            0.16025925299264843,
            0.30367285888442874,
            0.14200899937958777,
            0.12538576912548716,
            0.12599387664643524,
            0.13992834067437754,
            0.27787534940475345,
            0.2902273051168207,
            0.19434897252539862,
            0.2139194473790138,
            0.22594179070820086,
            0.26789528577121025,
            0.4037715220893223,
            0.26843704173592386,
            0.12522261376874388,
            0.12506906475217094,
            0.2525598195044022,
            0.30167623886320727,
            0.39828759989059925,
            0.13594291254498136,
            0.25378565541245446,
            0.1250716628467683,
            0.15211494482486765,
            0.1250029434607065,
            0.1286272289662168,
            0.2092542970579937,
            0.1299968180236596,
            0.1324785948192434,
            0.12753184872181367,
            0.16178881393527234,
            0.12500000680449164,
            0.18900683122215556,
            0.2859529197366385,
            0.1279793179604507,
            0.12571775200386803,
            0.2551657719334426,
            0.2551313029378173,
            0.12713802784979034,
            0.616865327990807,
            0.12500635661604698,
            0.1270997103649436,
            0.1302001995986347,
            0.1744738012222934,
            0.16423076790022717,
            0.14093288769738888,
            0.12500163240036744,
            0.4640682108095495,
            0.2788365941953195,
            0.35587520297281816,
            0.12655806863737962,
            0.12500664576089293,
            0.12500979037918303,
            0.3597217826668855,
            0.14859747522315914,
            0.25332409394930877,
            0.12504568736150468,
            0.14217542555868856
        ],
        [
            0.0626042517590073,
            0.10363425032090068,
            0.06284669645109575,
            0.06544371265647708,
            0.06254288682560039,
            0.10282545288673017,
            0.06415112523533306,
            0.10368038806952684,
            0.06256809328022295,
            0.06712524309623202,
            0.06415272950421846,
            0.12820177076087602,
            0.12406934588021978,
            0.2724589544349115,
            0.10876375255798543,
            0.0707170665462803,
            0.07169089593191103,
            0.06250275629385316,
            0.06398967822384416,
            0.06286860502741165,
            0.0625197816058598,
            0.10585846036032254,
            0.07867608879903043,
            0.07703776490485359,
            0.06250472427415843,
            0.0646770168943569,
            0.09793815588507959,
            0.07127817773079959,
            0.0625256277446985,
            0.06284928372916843,
            0.06264094701160372,
            0.06879747279655823,
            0.06322939678348227,
            0.06251341680514211,
            0.06274649042613556,
            0.23206689154828564,
            0.06250165318630585,
            0.0853380145705146,
            0.06649434191008441,
            0.07160069336967778,
            0.0932757317585935,
            0.07120896237954699,
            0.06284422940839418,
            0.06259804687113146,
            0.06250036197425202,
            0.07627468142959715,
            0.0626372152465946,
            0.06267779560331088,
            0.14181584172719552,
            0.06716681667541335,
            0.10562566348101421,
            0.06387394096671928,
            0.0625178967984168,
            0.10451210708470915,
            0.12585638292402168,
            0.13774120031294024,
            0.1369431944267805,
            0.08096228049902465,
            0.06258376877152116,
            0.15215766949277698,
            0.0651145126769822,
            0.12207564473681298,
            0.06784677806865758,
            0.14113949229982725,
            0.06850681114187085,
            0.1328071451431564,
            0.06807201182080469,
            0.06310419744811224,
            0.07395333509406488,
            0.06356584115050212,
            0.0625257245949542,
            0.07590996417867968,
            0.12570650157568564,
            0.06250184376897461,
            0.0859947486880317,
            0.06723500840773666,
            0.06450338303315561,
            0.06482691960272635,
            0.07902511817914504,
            0.12623511629251372,
            0.06504971091196499,
            0.07263529640727495,
            0.06426503229653091,
            0.06409054259178582,
            0.22861974128485751,
            0.06519150564799925,
            0.06410402277566563,
            0.08856539403648567,
            0.06628688200638688,
            0.13336193067764923,
            0.18852024582088733,
            0.14108161535506203,
            0.14279742927350159,
            0.06604449014514935,
            0.06250937097962395,
            0.14308323904402898,
            0.08105602873614892,
            0.1784810382993991,
            0.06250764008363752,
            0.0625204766261066
        ],
        [
            0.03193400596270368,
            0.031587024755549975,
            0.03186070979697109,
            0.06068311808029847,
            0.06345810206883373,
            0.033650448011533274,
            0.031588779909711096,
            0.03503957415563308,
            0.03127671307393698,
            0.03300710257233874,
            0.031610942713736434,
            0.031252787561420026,
            0.0320208082415846,
            0.031814518979483286,
            0.032117187712301876,
            0.03786609412447284,
            0.0512893913614485,
            0.031288502331643264,
            0.05837839659408495,
            0.08043680868020309,
            0.03132868532998567,
            0.03130892152655418,
            0.03193240321218338,
            0.03784626659521195,
            0.04772323044273641,
            0.05503524280156269,
            0.034754754931908716,
            0.07899665724867211,
            0.03611137590158586,
            0.03491945398498153,
            0.035599511928730454,
            0.08580174505817939,
            0.03550810100786961,
            0.05105808045064564,
            0.03550932639229776,
            0.031421660010744534,
            0.032566681757640326,
