{
    "method": "fixed_gamma",
    "T": 1,
    "qubits_range": [
        3,
        4,
        5,
        6,
        7
    ],
    "num_random_models": 100,
    "delta": [
        [
            0.20755731627208718,
            0.19858836583600592,
            0.1693498488847872,
            0.09149301530783405,
            0.14144103400041896,
            0.11726409958555561,
            0.062261208660389644,
            0.06340345740264741,
            0.20491159495646938,
            0.1726739110029606,
            0.23849525166433028,
            0.1047693601996752,
            0.2742556139928981,
            0.14835976142552576,
            0.12889812072802753,
            0.08239740493146275,
            0.24916820553248076,
            0.2600514086107889,
            0.0925458358963317,
            0.22975518503314996,
            0.1599530622283022,
            0.24316552965203353,
            0.27227363496013246,
            0.25654844957672274,
            0.18021698529747787,
            0.26153764653291367,
            0.1995802320590997,
            0.17549332706775977,
            0.12837971396166803,
            0.10664564726689751,
            0.18030794434013508,
            0.11267517537183391,
            0.20262077391311406,
            0.2100706490466865,
            0.22396274326691756,
            0.23155298969274474,
            0.20353930219879623,
            0.18079268048541708,
            0.19607471811900956,
            0.21310905350076392,
            0.207539231617889,
            0.1055360319926475,
            0.1729182265611906,
            0.2107904475623794,
            0.12572445854819725,
            0.12196071975301026,
            0.19831657493990706,
            0.09869168021711294,
            0.17388349758503407,
            0.16614225105065317,
            0.10308271808400737,
            0.19517227606753706,
            0.18180984202002937,
            0.1901686165780132,
            0.15355478167839742,
            0.10185978365507431,
            0.19717814956850288,
            0.12163159357956166,
            0.07679569846252765,
            0.09726460348719523,
            0.28333908041963174,
            0.04528252257097054,
            0.16971545790063747,
            0.19577415571328294,
            0.22585570400080712,
            0.2069553912818941,
            0.21265467234953672,
            0.2559376343715507,
            0.1373464096069431,
            0.038511074226522,
            0.05202407757104599,
            0.06283537604313916,
            0.12995564094595802,
            0.1858269446013353,
            0.0989863265684704,
            0.24885430601728786,
            0.13935681258186772,
            0.08728959879330667,
            0.2183710155427715,
            0.06132523566434467,
            0.2343978631910728,
            0.16361523117039578,
            0.24911696172390274,
            0.04318662272231766,
            0.16194156671006343,
            0.23257126494325886,
            0.23594924610577195,
            0.0409562606806092,
            0.23270573946637552,
            0.22117873423975754,
            0.14739275360264115,
            0.21000965924262582,
            0.15457531106634026,
            0.14261417235020102,
            0.08575987531930007,
            0.06674713507723795,
            0.07732084482117763,
            0.08650414245706106,
            0.16936704828839266,
            0.061562364157489946
        ],
        [
            0.17584134217320568,
            0.07524273235621715,
            0.09428071285820949,
            0.09839163264501993,
            0.2158689311749108,
            0.1104238225412203,
            0.2343592898742547,
            0.1269466972361234,
            0.23771913322436367,
            0.11175779370978633,
            0.15887097740421574,
            0.11898191123098778,
            0.16043304918836543,
            0.14131246608463133,
            0.07179598838657664,
            0.13976909193338505,
            0.192731238299631,
            0.0715857977241362,
            0.17893820835870078,
            0.13981358845936198,
            0.1665938963234591,
            0.11904501218028729,
            0.04357966231342425,
            0.08362467183706279,
            0.037890864919680856,
            0.11917188073179907,
            0.18154984554584452,
            0.11146483917853112,
            0.08461883782571955,
            0.1681533810456416,
            0.16244727705295614,
            0.22596226889188165,
            0.153303846096024,
            0.054844797855769456,
            0.06559522197545398,
            0.01746117470934805,
            0.23853214907742704,
            0.15552198236528159,
            0.10739970170743152,
            0.07646753457581534,
            0.0303421436525092,
            0.04840232202837358,
            0.1988136122657681,
            0.28616784121323635,
            0.21412267404327068,
            0.13885342373078402,
            0.09478433070600645,
            0.0922305019459746,
            0.040616584590043026,
            0.1910960502064688,
            0.22596737893834107,
            0.24017406825502807,
            0.20824293646584668,
            0.141855128418236,
            0.06694534765857119,
            0.07212241744621462,
            0.11104136350712013,
            0.10837099141340023,
            0.04682578300918139,
            0.21050798541797489,
            0.15516323864950876,
            0.1940530834542784,
            0.1414197634660037,
            0.27954086265223455,
            0.19798510305600248,
            0.15572469551322865,
            0.1174214211042458,
            0.029969614068278694,
            0.08780151903813915,
            0.2040006243079806,
            0.1625388213368667,
            0.06144168025991725,
            0.16455866764040272,
            0.18242814490368353,
            0.1649120040634564,
            0.16239974132459123,
            0.15682276683989904,
            0.1940120943979664,
            0.12986346596588183,
            0.15313097496386918,
            0.03281049134991065,
            0.058985368421647255,
            0.22849464741316672,
            0.17338595994555683,
            0.1316459607402104,
            0.122387645261674,
            0.13062132934374182,
            0.21517540678000224,
            0.1644324092803865,
            0.1157727844752745,
            0.2100302206616863,
            0.06074702203636717,
            0.05934673923073308,
            0.11726437076514806,
            0.171655293043251,
            0.11294806481638453,
            0.0835324234667032,
            0.21422621727522184,
            0.22886277856023707,
            0.04199614060647505
        ],
        [
            0.04142642968507049,
            0.11259341473434037,
            0.08569456269874065,
            0.15818093535911137,
            0.09861544098363917,
            0.10298673289591798,
            0.06620132465028217,
            0.08927363362170049,
            0.11266099332800861,
            0.13869842818691303,
            0.04847686380164762,
            0.20367511840326868,
            0.10719823803696626,
            0.17752932581800518,
            0.08728563425376001,
            0.1361492887985839,
            0.13491654478156734,
            0.1444758177215557,
            0.182634026605911,
            0.04965024844971877,
            0.0929510939546565,
            0.11856177248526889,
            0.1499194584783099,
            0.053456939430711836,
            0.11345368760691943,
            0.12635593883774532,
            0.1512493930333494,
            0.11921928862079989,
            0.12120604358030551,
            0.11322020166341817,
            0.11174291106653045,
            0.12386129070016183,
            0.17860955768927467,
            0.15566715878764714,
            0.19456933515472452,
            0.09976374536319532,
            0.128550638159034,
