{
    "method": "local",
    "T": 0.5,
    "qubits_range": [
        3,
        4,
        5,
        6
    ],
    "num_random_models": 100,
    "delta": [
        [
            0.303437538139845,
            0.0033717224985991834,
            0.01298922202172137,
            0.3088047789358719,
            0.0011371364323001787,
            0.0009104815963592028,
            0.011127362354160009,
            0.3181541142250425,
            0.007885812006431236,
            0.054806674884618434,
            0.02877547002566494,
            0.3255138655087624,
            0.010757724899560062,
            0.0651137551305544,
            0.3254735644852401,
            0.0005055124793589272,
            0.03577037671307404,
            0.0038533894781770384,
            0.029573916041421344,
            0.17337882890203493,
            0.16585696750786838,
            0.0016160460518022113,
            0.00686828440193854,
            0.07964908221025802,
            0.1538283213914301,
            0.11315522304245107,
            0.08977329609582996,
            0.2853523178795512,
            0.004485118846164093,
            0.05045735382896033,
            0.03265211854029215,
            0.028278250991943477,
            0.03245281169266967,
            0.07233072627635917,
            0.018899190971533586,
            0.02582580376680299,
            0.01842200256476989,
            0.009167901913905596,
            0.004002745045795009,
            9.812906803852162e-05,
            0.08691814827045774,
            0.013117784425790258,
            0.1418437900123487,
            0.10189566218224722,
            0.00814157560092199,
            2.3069027942579368e-05,
            0.1867276559385601,
            0.0002572861180548669,
            0.004417941014454696,
            0.07805149888625706,
            0.09814301154706995,
            0.12795274615065622,
            0.08025172046625373,
            0.010073498878896858,
            0.03513579356605445,
            0.10416996659036504,
            0.0017097454100196696,
            0.00010156464411192889,
            0.03380886164726715,
            0.005780951586476735,
            0.0042684899781730845,
            0.042275467090668095,
            0.015285793445474538,
            0.005268749526825545,
            0.20335259281863804,
            0.01779204640336085,
            0.05051106974743813,
            0.11489807470199853,
            0.1187376144517639,
            0.21769808029583348,
            0.15570822800394513,
            0.03314891369643369,
            0.0018087427837158998,
            0.18557154309429624,
            0.23035997744549885,
            0.006492757340235578,
            0.21784066053180728,
            0.0004213115908822118,
            0.12808750430313176,
            0.013629823151516729,
            0.2829683878626832,
            0.31543440430082426,
            0.19963002619695247,
            0.27783357955986243,
            0.020354341498917017,
            0.0016908661981333006,
            0.003966309204230689,
            0.11331679740942957,
            0.0070807492914199965,
            0.33324564604913065,
            0.009924601417412693,
            0.016055884464659664,
            0.00038666405416498684,
            0.12186400068726444,
            0.007979174723445559,
            0.16023310438864335,
            0.029795081665860312,
            0.0074463215103002245,
            0.1474537590492907,
            0.12120693235686142
        ],
        [
            0.001845616503331482,
            0.001120725603164563,
            0.004181226032930141,
            0.036437115262283215,
            0.013043473464155908,
            0.013912518870033419,
            0.0057613555057448584,
            0.006976977454269728,
            1.9481849414582086e-05,
            0.00012577406810043712,
            0.13494233721115467,
            0.019641769493865646,
            0.05562624214722045,
            0.04191579711598625,
            0.0020067410044541933,
            0.0007349500185610536,
            0.03209337488309927,
            0.0182250895309487,
            0.0018792299445442584,
            0.003828262876475863,
            0.0008057499171827409,
            0.05652007614211063,
            0.04508193238942115,
            0.10388746183905995,
            0.010355474809715548,
            0.005802024297614117,
            0.00041742682201706405,
            0.19686038295513297,
            0.00944466867929239,
            0.06309359418001459,
            0.00032844656282082774,
            0.00013994052280152935,
            8.969265019587169e-07,
            0.0026296054659755708,
            0.10210575391773147,
            0.086999343756759,
            0.021568779307724162,
            0.014481444297823276,
            0.03947467970521512,
            5.585132677232707e-06,
            0.00017170210316552748,
            0.0032548645874623805,
            0.007696436785220917,
            0.0001572381240559917,
            0.00026506665612335834,
            0.028281819720821,
            0.03727484036159301,
            0.030676466591527007,
            0.00047558987441587153,
            0.06753789316598169,
            0.04425488163794167,
            0.014564966952889558,
            0.0007320944488232728,
            0.0028132535796278058,
            0.000252380281761444,
            0.0026994234456697574,
            0.0003804282904876777,
            0.0003104695305707894,
            0.024138017958196034,
            8.563431541830369e-05,
            0.03483749182619911,
            0.0007149228651396333,
            0.007216596627845018,
            0.00020394180144112095,
            0.0001013771621428683,
            0.0009869827997223135,
            0.14146118302868194,
            0.011133377200649441,
            0.02661708389336892,
            0.17910971927566866,
            0.0002877736939030928,
            0.060519312535935454,
            0.007868124300210888,
            0.00010287638402184385,
            0.0037748027314621346,
            0.04567465772653434,
            0.1936341418747476,
            0.005286027982049024,
            0.0866880344394183,
            0.0002716844479818681,
            0.0414580175073026,
            0.003533301061551364,
            0.1025889969696181,
            0.155915899116296,
            0.02383044932953715,
            0.002056004433682812,
            2.5376678155719645e-05,
            0.022282806558014845,
            0.006010422876357224,
            0.003042077647133823,
            0.00895779126735341,
            0.00043219989176501716,
            0.01755157630509785,
            0.1345325494956684,
            0.11017450888344082,
            0.00029691380376350995,
            0.0608609556984977,
            0.021214843296062602,
            0.089691235474747,
            0.0008756914650578373
        ],
        [
            0.1890446628057283,
            0.07976911896932615,
            0.004263586758027738,
            0.0842060332077752,
            0.010389465350692073,
            0.003335562174844986,
            0.009671282247287305,
            0.0008927507872692475,
            0.010219765528876268,
            3.309789627747861e-05,
            0.05692908623587134,
            0.0002683396316476294,
            0.0006411060971281968,
            0.0033430411176356145,
            0.01706492551780381,
            0.005665408504093139,
            0.004678392533777109,
            0.005885736829182031,
            0.001505155021979121,
            0.03351149684786059,
            0.00010445297206251869,
            0.002857906942589472,
            0.049897768354279726,
            0.001143443753082951,
            0.1380260091358917,
            5.780771892394121e-06,
            0.0002631923503981781,
            0.0016048442451452871,
            0.0058992800871767725,
            0.03535688817478755,
